t,acc,gyro,tof
0.000000,-11.923783,0.001108,0.008842,0.000009,-0.170012,-0.000267,1.121008
0.002000,-11.854361,0.001082,0.015275,0.000017,-0.338936,-0.000534,1.120053
0.004000,-11.793704,3.242706,0.023426,0.000025,-0.506772,-0.000799,1.118627
0.006000,-11.724460,3.233636,0.037344,-0.021353,-0.673657,-0.002333,1.116736
0.008000,-11.647529,0.037999,0.055891,-0.042669,-0.839459,-0.003812,1.114390
0.010000,-11.584460,3.226084,0.075762,-0.041121,-1.004064,-0.004149,1.111597
0.012000,-11.432931,2.542456,0.882790,-0.062385,-1.167679,-0.005566,1.108367
0.014000,-12.177643,1.648423,21.227922,-0.066324,-1.332279,-0.006239,1.104710
0.016000,-12.179498,-0.891228,20.838380,-0.053656,-1.552291,-0.006149,1.100618
0.018000,-12.162751,1.754546,20.051663,-0.035059,-1.773511,-0.004872,1.096099
0.020000,-12.110713,1.910179,18.750184,-0.024509,-1.995031,-0.004246,1.091162
0.022000,-12.043872,1.974474,17.400569,-0.018225,-2.215148,-0.003239,1.085819
0.024000,-11.967928,2.003426,16.146215,-0.013542,-2.433386,-0.002018,1.080086
0.026000,-11.886706,2.030703,15.030961,-0.009478,-2.649660,-0.000771,1.073979
0.028000,-11.796601,2.055459,14.044401,-0.006022,-2.864053,0.000465,1.067515
0.030000,-11.700818,-0.370335,13.169867,-0.003122,-3.076569,0.001676,1.060713
0.032000,-11.585162,2.119254,12.394925,0.001313,-3.287244,0.004385,1.053593
0.034000,-11.461119,2.133200,11.703200,0.002881,-3.495793,0.005097,1.046178
0.036000,-11.324088,2.145643,11.083050,0.004166,-3.702132,0.005820,1.038489
0.038000,-11.172775,2.157952,10.524311,0.005219,-3.906056,0.006542,1.030550
0.040000,-11.005847,2.171992,10.018365,0.006071,-4.107309,0.007165,1.022385
0.042000,-10.822648,2.186465,9.557061,0.006723,-4.305590,0.007439,1.014018
0.044000,-10.622744,2.201431,9.133477,0.007190,-4.500564,0.007338,1.005475
0.046000,-10.405971,2.217175,8.742223,0.007486,-4.691865,0.006832,0.996781
0.048000,-10.184931,-0.249615,8.383083,0.007621,-4.879111,0.005892,0.987962
0.050000,-9.924141,2.271957,8.039830,0.010166,-5.062253,0.009801,0.979041
0.052000,-9.658429,2.286482,7.719071,0.009582,-5.240261,0.007919,0.970045
0.054000,-9.377624,2.300841,7.413874,0.008967,-5.413031,0.005479,0.960997
0.056000,-9.083418,2.315767,7.124098,0.008367,-5.580167,0.002429,0.951923
0.058000,-8.777615,2.332289,6.850310,0.007805,-5.741316,-0.001279,0.942844
0.060000,-8.461302,2.355416,6.587196,0.007270,-5.896184,-0.005682,0.933783
0.062000,-8.161142,-0.216516,6.329571,0.006597,-6.044473,-0.010754,0.924762
0.064000,-7.814233,2.440915,6.099487,0.010593,-6.186536,-0.003340,0.915798
0.066000,-7.485492,2.477187,5.879734,0.008747,-6.321207,-0.009615,0.906912
0.068000,-7.157706,2.519430,5.679812,0.006408,-6.448942,-0.016496,0.898121
0.070000,-6.833683,2.564876,5.497937,0.003425,-6.569814,-0.023919,0.889439
0.072000,-6.251168,3.228735,2.882350,-0.000279,-6.683953,-0.031830,0.880881
0.074000,-5.988066,3.255119,2.823437,-0.020185,-6.760231,-0.034278,0.872486
0.076000,-5.904168,2.024448,4.708725,-0.040486,-6.831081,-0.037135,0.864260
0.078000,-5.488977,-1.278757,3.751293,-0.023566,-6.922059,-0.063346,0.856190
0.080000,-5.238898,1.923277,4.060058,0.020179,-6.996155,-0.084751,0.848290
0.082000,-4.951698,2.349522,3.984670,0.043801,-7.069232,-0.120366,0.840565
0.084000,-4.573471,0.335224,1.969099,0.050133,-7.137821,-0.139731,0.833019
0.086000,38.748634,3.143580,-16.137221,0.043122,-7.176008,-0.124936,0.825670
0.088000,34.210071,6.516154,-7.178668,-0.002732,-5.914948,-0.108589,0.819670
0.090000,36.481551,0.525213,14.913178,-0.139016,-4.870694,-0.030332,0.814740
0.092000,31.179244,0.566977,15.576496,-0.122581,-4.031996,-0.049846,0.810720
0.094000,26.588595,0.726153,15.986120,-0.105159,-3.329204,-0.071501,0.807439
0.096000,22.415639,-1.762845,15.829315,-0.090208,-2.742277,-0.092399,0.804760
0.098000,18.742289,1.236570,15.349333,-0.069453,-2.254004,-0.088941,0.802572
0.100000,15.509763,1.422498,14.796870,-0.064003,-1.848390,-0.104473,0.800785
0.102000,12.681622,1.564040,14.265245,-0.061308,-1.513742,-0.118621,0.799322
0.104000,10.239207,1.682598,13.753581,-0.060400,-1.239667,-0.131869,0.798122
0.106000,8.086419,-0.953288,13.292046,-0.060755,-1.017283,-0.144621,0.797134
0.108000,6.345032,1.925764,12.800160,-0.051499,-0.839649,-0.135145,0.796313
0.110000,4.805023,2.005433,12.366024,-0.053962,-0.698822,-0.147713,0.795625
0.112000,3.486745,2.075610,11.963123,-0.056932,-0.589859,-0.160329,0.795037
0.114000,2.349830,2.135403,11.592765,-0.060305,-0.507914,-0.173038,0.794526
0.116000,1.367645,2.184183,11.256280,-0.064007,-0.448788,-0.185753,0.794068
0.118000,0.529322,2.226289,10.948066,-0.067945,-0.408851,-0.198400,0.793647
0.120000,-0.184252,2.262535,10.666061,-0.072061,-0.384993,-0.210981,0.793246
0.122000,-0.817858,-0.419871,10.435849,-0.076302,-0.374534,-0.223500,0.792853
0.124000,-1.300775,2.359457,10.179721,-0.070678,-0.376131,-0.214757,0.792456
0.126000,-1.730490,2.378306,9.967015,-0.075566,-0.385920,-0.227070,0.792049
0.128000,-2.091792,2.403712,9.772490,-0.080447,-0.403149,-0.239248,0.791622
0.130000,-2.393650,2.426093,9.594499,-0.085334,-0.426369,-0.251354,0.791172
0.132000,-2.645035,2.445502,9.430639,-0.090214,-0.454347,-0.263375,0.790692
0.134000,-2.855089,2.461060,9.275879,-0.095069,-0.486034,-0.275309,0.790179
0.136000,-3.029017,2.474267,9.130941,-0.099839,-0.520534,-0.287211,0.789630
0.138000,-3.172870,2.486360,8.993566,-0.104502,-0.557093,-0.299079,0.789043
0.140000,-3.292391,2.499166,8.860480,-0.109064,-0.595081,-0.310899,0.788417
0.142000,-3.435560,-0.212119,8.750434,-0.113578,-0.633967,-0.322626,0.787751
0.144000,-3.474250,2.539761,8.610055,-0.108378,-0.674504,-0.314528,0.787042
0.146000,-3.542603,2.553951,8.487841,-0.113360,-0.713989,-0.325810,0.786291
0.148000,-3.599271,2.568778,8.368863,-0.118382,-0.753290,-0.336915,0.785498
0.150000,-3.646381,2.584238,8.252881,-0.123479,-0.792174,-0.347821,0.784664
0.152000,-3.736826,-0.141558,8.152892,-0.128684,-0.830453,-0.358508,0.783789
0.154000,-3.718996,2.632222,8.036656,-0.124081,-0.869265,-0.350240,0.782871
0.156000,-3.746773,2.650267,7.930982,-0.130105,-0.905985,-0.360233,0.781913
0.158000,-3.770682,2.669489,7.827845,-0.136321,-0.941780,-0.369945,0.780916
0.160000,-3.791586,2.689059,7.727024,-0.142771,-0.976599,-0.379354,0.779879
0.162000,-3.809919,2.707876,7.629100,-0.149468,-1.010406,-0.388460,0.778804
0.164000,-4.261498,2.088055,5.957118,-0.156390,-1.043184,-0.397281,0.777692
0.166000,-3.780288,2.871754,7.714826,-0.137338,-1.071077,-0.428107,0.776538
0.168000,-3.862084,0.037653,7.588922,-0.149497,-1.102825,-0.432251,0.775349
0.170000,-3.903361,3.035699,7.264960,-0.150422,-1.134829,-0.419506,0.774124
0.172000,-3.918937,3.018621,7.158846,-0.165493,-1.164260,-0.421925,0.772863
0.174000,-4.685756,4.354018,5.070427,-0.179679,-1.192654,-0.424965,0.771568
0.176000,-3.760830,2.576211,7.498528,-0.228684,-1.220582,-0.406186,0.770230
0.178000,-3.836817,2.601994,7.167485,-0.231055,-1.247382,-0.416517,0.768861
0.180000,-3.878019,2.673871,6.996545,-0.232318,-1.272757,-0.427654,0.767460
0.182000,-3.919348,2.742335,6.827933,-0.235076,-1.297222,-0.437799,0.766029
0.184000,-4.337035,-0.803574,4.886194,-0.239233,-1.320871,-0.447032,0.764566
0.186000,-4.246261,2.111545,4.804068,-0.202936,-1.341286,-0.462150,0.763068
0.188000,-4.265025,2.212174,4.731321,-0.181331,-1.360293,-0.489655,0.761534
0.190000,-3.979809,3.510170,7.239389,-0.162477,-1.379225,-0.514970,0.759965
0.192000,-4.863871,5.378768,4.170171,-0.190870,-1.403697,-0.508029,0.758368
0.194000,-4.424542,4.110409,5.572667,-0.267538,-1.430649,-0.478795,0.756728
0.196000,-4.692980,4.455125,4.830536,-0.305152,-1.454587,-0.464973,0.755053
0.198000,-4.207800,-0.858448,5.346083,-0.351539,-1.478518,-0.447561,0.753340
0.200000,-4.193498,0.355208,6.320712,-0.314395,-1.496914,-0.460110,0.751597
0.202000,-4.206322,3.227416,5.786016,-0.319391,-1.520027,-0.444503,0.749824
0.204000,-4.358914,2.647411,4.073856,-0.333273,-1.540580,-0.444724,0.748022
0.206000,-4.470620,-0.361356,3.562846,-0.324215,-1.557857,-0.463507,0.746185
0.208000,-4.923914,5.202257,4.261685,-0.297415,-1.576016,-0.471876,0.744311
0.210000,-4.540468,4.164926,5.219769,-0.361150,-1.601465,-0.447622,0.742399
0.212000,-4.458834,3.149860,4.454398,-0.397725,-1.624391,-0.434392,0.740454
0.214000,-4.999872,5.287288,3.248290,-0.398168,-1.642729,-0.444862,0.738477
0.216000,-4.311971,2.907521,5.140326,-0.467331,-1.669825,-0.424567,0.736458
0.218000,-4.880215,4.356235,3.186582,-0.463420,-1.687992,-0.428705,0.734410
0.220000,-4.434530,-0.655657,3.391144,-0.495648,-1.710498,-0.419498,0.732323
0.222000,-4.491369,3.180396,3.411095,-0.453941,-1.727168,-0.433721,0.730202
0.224000,-5.047002,5.166475,2.616967,-0.450929,-1.746004,-0.444699,0.728047
0.226000,-5.286546,5.866548,2.543072,-0.514758,-1.774169,-0.428979,0.725848
0.228000,-4.983837,4.404329,2.727447,-0.595981,-1.805135,-0.405155,0.723605
0.230000,-4.442289,3.138594,5.581690,-0.622697,-1.828913,-0.400684,0.721323
0.232000,-4.464488,-0.366446,3.159368,-0.634400,-1.849946,-0.395435,0.719015
0.234000,-5.003624,4.865576,0.889577,-0.602603,-1.869086,-0.398829,0.716672
0.236000,-4.607530,3.407188,3.692124,-0.637192,-1.896057,-0.404401,0.714284
0.238000,-5.096082,5.263202,1.940595,-0.637531,-1.916741,-0.407435,0.711864
0.240000,-5.079186,4.868965,3.020731,-0.700081,-1.948175,-0.392208,0.709400
0.242000,-5.148946,1.778308,0.369958,-0.751639,-1.977299,-0.372838,0.706898
0.244000,-5.005804,4.789608,1.359553,-0.777682,-2.009522,-0.361014,0.704348
0.246000,-5.069610,5.110911,1.360216,-0.810466,-2.038570,-0.355563,0.701756
0.248000,-4.745325,-0.015835,3.359592,-0.857137,-2.070707,-0.352092,0.699121
0.250000,-4.715315,3.577791,3.618947,-0.839340,-2.094260,-0.344294,0.696454
0.252000,-4.974629,5.126177,0.742938,-0.857743,-2.119600,-0.333724,0.693756
0.254000,-4.876016,4.089456,3.127044,-0.905175,-2.153370,-0.331573,0.691015
0.256000,-5.258705,5.743963,0.904856,-0.938006,-2.182206,-0.319192,0.688240
0.258000,-5.135693,5.714939,-0.163346,-1.007695,-2.220147,-0.305974,0.685422
0.260000,-4.992372,1.164061,0.552465,-1.055051,-2.256596,-0.306073,0.682557
0.262000,-5.139518,5.127769,1.305624,-1.055161,-2.288811,-0.298005,0.679652
0.264000,-5.246151,5.908017,0.219158,-1.096107,-2.323269,-0.287111,0.676707
0.266000,-5.030174,5.049508,1.267005,-1.155254,-2.363131,-0.279718,0.673719
0.268000,-4.690041,3.791040,2.037401,-1.215000,-2.402562,-0.268552,0.670693
0.270000,-4.923252,5.252349,0.311933,-1.231269,-2.433167,-0.262397,0.667635
0.272000,-4.772456,0.522627,0.947818,-1.279406,-2.472833,-0.261262,0.664536
0.274000,-4.887499,4.226024,1.906486,-1.268240,-2.504939,-0.253666,0.661403
0.276000,-5.221790,5.980691,0.059105,-1.294876,-2.538103,-0.242407,0.658238
0.278000,-5.185343,5.947413,-0.065639,-1.359429,-2.581867,-0.233909,0.655033
0.280000,-4.980918,5.288028,0.344744,-1.421912,-2.626177,-0.226066,0.651788
0.282000,-5.022138,5.799184,-0.329224,-1.469118,-2.667584,-0.215227,0.648508
0.284000,-5.041503,2.069024,-0.786609,-1.528606,-2.713140,-0.209335,0.645190
0.286000,-5.152163,5.461793,0.524840,-1.559206,-2.758829,-0.201908,0.641832
0.288000,-4.919710,0.577161,1.061638,-1.612728,-2.802373,-0.186429,0.638442
0.290000,-4.930287,5.449312,0.074485,-1.621240,-2.840468,-0.171121,0.635022
0.292000,-4.805602,5.444351,-0.246547,-1.675540,-2.885871,-0.166939,0.631570
0.294000,-4.674308,4.125620,0.945428,-1.726328,-2.931775,-0.166572,0.628085
0.296000,-5.018474,5.373531,0.199766,-1.754875,-2.970436,-0.156898,0.624573
0.298000,-4.966926,5.686944,-0.257149,-1.806870,-3.015757,-0.141284,0.621032
0.300000,-4.793993,5.990558,-1.137105,-1.858363,-3.062537,-0.129559,0.617461
0.302000,-4.799802,5.883113,-0.853206,-1.909892,-3.111856,-0.132352,0.613858
0.304000,-4.959833,2.175692,-1.236427,-1.968186,-3.162637,-0.133551,0.610224
0.306000,-4.704682,5.464016,-0.395004,-2.001668,-3.213547,-0.124961,0.606559
0.308000,-4.590570,5.415645,-0.575585,-2.052472,-3.262671,-0.127009,0.602867
0.310000,-4.506480,4.651336,-0.222243,-2.103334,-3.312676,-0.137219,0.599149
0.312000,-4.764184,5.271013,-0.302728,-2.139096,-3.358195,-0.132146,0.595407
0.314000,-4.491280,4.571899,-0.131282,-2.185495,-3.406608,-0.121486,0.591642
0.316000,-4.292276,0.554544,-0.974546,-2.227040,-3.462758,-0.115455,0.587855
0.318000,-4.312174,4.995138,-0.839497,-2.235886,-3.515340,-0.113506,0.584044
0.320000,-4.443106,1.299320,-1.180411,-2.274759,-3.571738,-0.114528,0.580210
0.322000,-4.357531,5.349748,-0.867560,-2.295103,-3.626997,-0.118288,0.576352
0.324000,-4.261087,5.273162,-0.862731,-2.343488,-3.684908,-0.128662,0.572473
0.326000,-4.164636,5.044940,-0.618843,-2.393081,-3.742822,-0.140730,0.568573
0.328000,-4.232420,5.201787,-0.654636,-2.434891,-3.798222,-0.155046,0.564655
0.330000,-4.327267,5.225874,-0.697196,-2.478299,-3.853985,-0.165188,0.560718
0.332000,-4.135555,5.139863,-1.018007,-2.520082,-3.909068,-0.167089,0.556765
0.334000,-4.285426,5.270828,-0.778687,-2.556697,-3.963636,-0.171701,0.552794
0.336000,-4.339893,1.636350,-1.770790,-2.602410,-4.019439,-0.177164,0.548808
0.338000,-3.821106,5.241626,-1.177488,-2.621896,-4.073801,-0.183082,0.544804
0.340000,-3.783235,5.270660,-1.201942,-2.657886,-4.128420,-0.198781,0.540784
0.342000,-3.901801,1.659614,-2.207465,-2.693684,-4.182970,-0.213541,0.536749
0.344000,-3.752588,5.665212,-1.527093,-2.703762,-4.236270,-0.225980,0.532696
0.346000,-3.985651,5.174107,-0.929750,-2.743131,-4.292150,-0.237719,0.528628
0.348000,-3.873136,5.244550,-1.093456,-2.791760,-4.348168,-0.238080,0.524550
0.350000,-3.920712,1.636224,-2.305496,-2.839580,-4.404433,-0.240308,0.520462
0.352000,-3.598464,5.559789,-1.512692,-2.857306,-4.458985,-0.243321,0.516360
0.354000,-3.328743,4.869957,-1.342740,-2.901331,-4.515594,-0.248601,0.512247
0.356000,-3.298239,5.422098,-1.487743,-2.938795,-4.569633,-0.257999,0.508124
0.358000,-3.242019,5.469488,-1.521648,-2.973217,-4.623436,-0.273429,0.503990
0.360000,-3.456330,1.983682,-2.817759,-3.007522,-4.677245,-0.288129,0.499846
0.362000,-3.142410,5.725766,-1.720635,-3.017812,-4.730690,-0.299202,0.495687
0.364000,-3.183093,5.460753,-1.690451,-3.053759,-4.784909,-0.311286,0.491517
0.366000,-3.188991,5.406371,-1.537607,-3.091719,-4.839436,-0.316239,0.487339
0.368000,-3.375090,1.738725,-2.781612,-3.136131,-4.895029,-0.318886,0.483154
0.370000,-2.960278,5.475463,-1.687911,-3.153440,-4.949033,-0.323058,0.478957
0.372000,-2.800367,5.639784,-1.686319,-3.195681,-5.003901,-0.328738,0.474753
0.374000,-2.778245,5.515882,-1.444186,-3.233578,-5.057299,-0.338870,0.470540
0.376000,-2.553367,5.345974,-1.534690,-3.275693,-5.110327,-0.356332,0.466318
0.378000,-2.794528,1.289879,-2.967850,-3.303944,-5.160390,-0.372068,0.462086
0.380000,-2.658034,5.668480,-1.930941,-3.313800,-5.211362,-0.381679,0.457842
0.382000,-2.586677,5.550332,-1.828679,-3.348029,-5.261606,-0.396252,0.453586
0.384000,-2.356767,4.576870,-1.517791,-3.387221,-5.313125,-0.405484,0.449320
0.386000,-2.230535,5.653334,-1.818337,-3.425179,-5.362537,-0.421538,0.445044
0.388000,-2.262942,5.735934,-2.022421,-3.453502,-5.409972,-0.438868,0.440755
0.390000,-2.439444,1.218842,-3.190132,-3.486195,-5.459571,-0.454667,0.436452
0.392000,-1.926498,5.342654,-1.601732,-3.494537,-5.507707,-0.475135,0.432131
0.394000,-1.946289,5.745839,-2.065303,-3.518486,-5.552267,-0.498103,0.427794
0.396000,-1.872466,5.567972,-1.953259,-3.550818,-5.601109,-0.514186,0.423440
0.398000,-1.749187,5.575450,-1.963545,-3.587124,-5.650343,-0.524731,0.419072
0.400000,-1.607056,5.709880,-2.028418,-3.621525,-5.698779,-0.536539,0.414687
0.402000,-1.465373,5.569278,-1.775478,-3.650584,-5.745706,-0.554154,0.410283
0.404000,-1.854965,2.020058,-3.355775,-3.671931,-5.788634,-0.574749,0.405857
0.406000,-1.267453,4.793167,-1.862319,-3.668416,-5.831298,-0.593298,0.401402
0.408000,-1.238234,5.636641,-2.028148,-3.696760,-5.875854,-0.621107,0.396922
0.410000,-1.119964,5.612706,-1.990444,-3.721417,-5.919870,-0.642892,0.392415
0.412000,-1.001067,5.584802,-1.950335,-3.744712,-5.963102,-0.665146,0.387879
0.414000,-0.834524,5.406944,-1.611488,-3.766623,-6.005527,-0.687820,0.383311
0.416000,-0.728500,5.354240,-1.547639,-3.780679,-6.043799,-0.711298,0.378708
0.418000,-0.678184,5.495824,-1.878552,-3.793069,-6.081059,-0.734683,0.374066
0.420000,-1.168110,1.120856,-3.515565,-3.812368,-6.121716,-0.757454,0.369385
0.422000,-0.400601,5.441099,-1.815866,-3.817558,-6.164741,-0.780544,0.364662
0.424000,-0.279362,5.394641,-1.756343,-3.834188,-6.203560,-0.804945,0.359893
0.426000,-0.172173,5.297320,-1.680642,-3.849074,-6.241431,-0.829700,0.355075
0.428000,-0.025061,5.089741,-1.304447,-3.861866,-6.278295,-0.854835,0.350204
0.430000,0.084305,5.021134,-1.228492,-3.866123,-6.310646,-0.880378,0.345274
0.432000,-0.568120,1.700588,-3.129520,-3.868475,-6.341891,-0.905833,0.340281
0.434000,0.294137,5.124425,-1.543669,-3.848501,-6.374438,-0.928603,0.335218
0.436000,0.415845,5.054098,-1.461142,-3.857279,-6.408235,-0.953760,0.330084
0.438000,0.521292,4.923386,-1.363139,-3.863832,-6.440886,-0.979346,0.324874
0.440000,0.642811,4.847400,-1.281358,-3.867766,-6.472325,-1.005374,0.319583
0.442000,-0.110264,1.643202,-3.276237,-3.869515,-6.502617,-1.031726,0.314203
0.444000,0.853763,4.478331,-1.061449,-3.849837,-6.535039,-1.055504,0.308727
0.446000,0.951530,4.258937,-0.671805,-3.845780,-6.562289,-1.082763,0.303149
0.448000,0.976441,4.161192,-0.593233,-3.832959,-6.584469,-1.109322,0.297459
0.450000,0.116426,1.063899,-2.673092,-3.818473,-6.603967,-1.132092,0.291647
0.452000,1.213392,4.066020,-0.546717,-3.784236,-6.626785,-1.151302,0.285703
0.454000,1.395948,4.153539,-1.023949,-3.767608,-6.641232,-1.172795,0.279617
0.456000,1.551106,4.041389,-0.959682,-3.762085,-6.656552,-1.185469,0.273384
0.458000,0.209409,1.003426,-2.881872,-3.755285,-6.668707,-1.198762,0.266992
0.460000,1.851521,3.756582,-0.816787,-3.729578,-6.697769,-1.208474,0.260432
0.462000,2.066908,3.496125,-0.596082,-3.719595,-6.703738,-1.222846,0.253686
0.464000,2.160013,3.383706,-0.489703,-3.695314,-6.704398,-1.237212,0.246736
0.466000,0.491967,0.440677,-2.323144,-3.669964,-6.702541,-1.252140,0.239567
0.468000,2.383624,3.169366,-0.318374,-3.625546,-6.725643,-1.262644,0.232171
0.470000,2.478754,3.044035,-0.229382,-3.597864,-6.718193,-1.278507,0.224520
0.472000,0.824583,0.179630,-2.554106,-3.568711,-6.708279,-1.294843,0.216593
0.474000,2.819376,2.835067,-0.509885,-3.531432,-6.727373,-1.302899,0.208384
0.476000,0.960641,-0.079186,-2.315876,-3.509225,-6.714030,-1.316868,0.199859
0.478000,2.940528,2.537734,0.021257,-3.466833,-6.728454,-1.326428,0.191003
0.480000,3.024740,2.397370,0.097579,-3.431998,-6.707964,-1.344992,0.181775
0.482000,2.992310,1.747542,0.157351,-3.395397,-6.685209,-1.364020,0.172146
0.484000,3.095865,1.682357,0.211217,-3.362265,-6.658186,-1.371632,0.162085
0.486000,3.185701,1.605352,0.267693,-3.325688,-6.629075,-1.382039,0.151558
0.488000,1.253364,-0.899780,-1.619054,-3.285958,-6.598026,-1.394868,0.140528
0.490000,3.450489,1.586087,0.387199,-3.224714,-6.598865,-1.410431,0.128964
0.492000,3.500129,1.435502,0.452756,-3.177666,-6.564123,-1.432508,0.116812
0.494000,1.349794,-1.313220,-1.437212,-3.128794,-6.527639,-1.455224,0.104026
0.496000,3.636700,1.179165,0.507899,-3.062552,-6.524161,-1.472364,0.090559
0.498000,1.410048,-1.574542,-1.377838,-3.013825,-6.483549,-1.499380,0.076347
0.500000,3.738431,0.886911,0.597550,-2.948024,-6.477269,-1.520917,0.061331
0.502000,3.766201,0.727797,0.651623,-2.896258,-6.433118,-1.549507,0.045436
0.504000,3.789742,0.568609,0.702801,-2.842755,-6.387593,-1.578885,0.028587
0.506000,378.750372,-171.572453,-221.383043,-2.787561,-6.340763,-1.609101,0.010702
0.508000,193.147522,-165.494233,-233.555439,-1.961224,-0.925957,-1.228193,-1.000000
0.510000,152.949015,-132.790866,-194.687810,-1.266239,1.999356,-0.931690,-1.000000
0.512000,121.433341,-107.941187,-158.835335,-0.737379,4.343507,-0.706298,-1.000000
0.514000,92.007075,-87.985683,-129.993974,-0.309783,6.229128,-0.560636,-1.000000
0.516000,69.865002,-68.431428,-104.908233,0.058254,7.689139,-0.494030,-1.000000
0.518000,55.494100,-53.166115,-86.235933,0.344506,8.819304,-0.467648,-1.000000
0.520000,38.093340,-39.507400,-69.236141,0.569617,9.722409,-0.471814,-1.000000
0.522000,22.315537,-29.122301,-55.808806,0.743138,10.352330,-0.504980,-1.000000
0.524000,108.799877,16.304429,-89.015466,0.881410,10.725648,-0.558667,-1.000000
0.526000,87.723467,17.217573,-69.089801,0.569647,12.527149,-0.454420,-1.000000
0.528000,71.081790,13.951957,-49.625819,0.276180,13.983505,-0.460052,-1.000000
0.530000,57.991933,12.076411,-35.352778,0.088709,15.129046,-0.520513,-1.000000
0.532000,46.722289,12.067322,-22.565193,-0.015264,16.029449,-0.614322,-1.000000
0.534000,32.926724,12.159116,-14.082082,-0.057896,16.710745,-0.721830,-1.000000
0.536000,103.191424,58.563154,-13.782476,-0.053191,17.144172,-0.838162,-1.000000
0.538000,80.799355,45.492926,-13.276577,-0.267523,15.465732,-2.141177,-1.000000
0.540000,55.128935,36.933137,-7.848383,-0.355725,13.852508,-3.175121,-1.000000
0.542000,42.125076,24.400679,-9.810199,-0.402482,12.217450,-4.018243,-1.000000
0.544000,33.100368,20.015386,-6.567307,-0.380769,10.876873,-4.824981,-1.000000
0.546000,22.846800,17.462486,-3.490393,-0.331889,9.592564,-5.446321,-1.000000
0.548000,19.765576,14.555230,-5.137921,-0.294808,8.400790,-5.953645,-1.000000
0.550000,15.364789,14.859436,-2.470945,-0.243508,7.317608,-6.305785,-1.000000
0.552000,20.701783,15.671494,0.249368,-0.228842,6.364351,-6.570719,-1.000000
0.554000,20.678529,15.659599,1.948568,-0.211769,5.446568,-6.649485,-1.000000
0.556000,18.047920,15.154684,2.649254,-0.179833,4.612904,-6.609726,-1.000000
0.558000,14.307961,14.414865,2.492841,-0.162491,3.876446,-6.539544,-1.000000
0.560000,13.124278,14.066657,2.620516,-0.177075,3.250904,-6.471329,-1.000000
0.562000,8.849991,13.591001,4.016742,-0.048491,2.675917,-5.747174,-1.000000
0.564000,6.742402,11.669505,4.175442,0.075727,2.174739,-5.139877,-1.000000
0.566000,4.969613,10.066113,4.268726,0.191195,1.746665,-4.621621,-1.000000
0.568000,4.135116,8.605320,4.076337,0.299406,1.375427,-4.175573,-1.000000
0.570000,2.804949,7.190723,3.778662,0.397503,1.064775,-3.792417,-1.000000
0.572000,1.543868,7.133877,5.338620,0.461016,0.773697,-3.481470,-1.000000
0.574000,0.353317,6.266655,5.580247,0.525359,0.529439,-3.225219,-1.000000
0.576000,1.072640,4.880026,5.591998,0.587164,0.302210,-2.983202,-1.000000
0.578000,0.258552,4.135779,5.649761,0.651448,0.124097,-2.771294,-1.000000
0.580000,-0.131577,3.784232,5.932188,0.713014,-0.039104,-2.580190,-1.000000
0.582000,-1.370342,0.881844,3.451983,0.769094,-0.188832,-2.405464,-1.000000
0.584000,-0.283121,2.755760,6.154251,0.836800,-0.344060,-2.229604,-1.000000
0.586000,-0.392040,2.512869,6.353106,0.892510,-0.469232,-2.065713,-1.000000
0.588000,-7.826802,3.470709,7.102949,0.942799,-0.586993,-1.913316,-1.000000
0.590000,-8.056890,3.327769,7.297618,0.984543,-0.821170,-1.760669,-1.000000
0.592000,-8.275459,3.116832,7.496572,1.023929,-1.051456,-1.615487,-1.000000
0.594000,-8.431696,3.029135,7.636554,1.063138,-1.278358,-1.472265,-1.000000
0.596000,-10.271738,5.134812,3.282136,1.100776,-1.502399,-1.335163,-1.000000
0.598000,-9.624694,5.256987,4.023999,1.016850,-1.697034,-1.040065,-1.000000
0.600000,-8.998381,5.218885,4.679467,0.948623,-1.895803,-0.788394,-1.000000
0.602000,-8.597818,2.766407,3.083472,0.894956,-2.097397,-0.574979,-1.000000
0.604000,-8.659656,5.692802,6.234475,0.855621,-2.280245,-0.414277,-1.000000
0.606000,-8.298984,5.600694,6.490659,0.810143,-2.485618,-0.266041,-1.000000
0.608000,-7.996337,5.522946,6.652824,0.773384,-2.690604,-0.132601,-1.000000
0.610000,-7.789268,5.457262,6.750118,0.743967,-2.894593,-0.011175,-1.000000
0.612000,-7.720182,5.390088,6.809382,0.718130,-3.095674,0.093776,-1.000000
0.614000,-9.770985,4.673845,7.584377,0.694700,-3.292496,0.187170,-1.000000
0.616000,44.651759,5.792593,-1.446638,0.642885,-3.443042,0.199453,-1.000000
0.618000,38.611382,3.685145,-3.722274,0.584920,-2.748841,0.198691,-1.000000
0.620000,30.709338,2.717060,-13.131098,0.539761,-2.145821,0.197965,-1.000000
0.622000,21.596415,8.007358,-14.461447,0.460564,-1.662916,0.223797,-1.000000
0.624000,16.834642,8.607855,-12.498534,0.335120,-1.319830,0.246359,-1.000000
0.626000,13.922019,8.174441,-10.288475,0.212698,-1.050283,0.276789,-1.000000
0.628000,11.519945,7.855620,-8.455977,0.102435,-0.826973,0.309967,-1.000000
0.630000,9.616872,7.663428,-6.934290,0.002278,-0.641894,0.344408,-1.000000
0.632000,8.155639,7.904408,-5.236882,-0.089959,-0.487176,0.379573,-1.000000
0.634000,7.373128,6.374941,-4.830787,-0.204419,-0.336640,0.383253,-1.000000
0.636000,7.063037,7.763888,-2.771032,-0.300957,-0.198233,0.389518,-1.000000
0.638000,6.629543,7.818319,-1.882909,-0.398734,-0.071609,0.400445,-1.000000
0.640000,6.298378,7.840390,-1.150012,-0.490368,0.045439,0.414399,-1.000000
0.642000,6.209864,7.752008,-0.716763,-0.576507,0.154937,0.431000,-1.000000
0.644000,5.892629,7.822391,-0.261793,-0.640097,0.250922,0.466187,-1.000000
0.646000,5.537686,6.504714,-0.765256,-0.702177,0.341665,0.501204,-1.000000
0.648000,5.620103,7.747912,0.534850,-0.752574,0.428226,0.529303,-1.000000
0.650000,5.481841,7.692224,0.786282,-0.809368,0.512476,0.558853,-1.000000
0.652000,17.905405,13.847015,6.239795,-0.864502,0.594511,0.588903,-1.000000
0.654000,17.685506,13.664921,6.441828,-0.951912,0.851784,0.564682,-1.000000
0.656000,15.777844,12.295907,5.965756,-1.037283,1.106873,0.549875,-1.000000
0.658000,14.063733,11.238843,5.560072,-1.113001,1.332905,0.552300,-1.000000
0.660000,12.445523,10.761335,5.570454,-1.180999,1.534663,0.562880,-1.000000
0.662000,10.863926,9.945425,5.220722,-1.269381,1.726848,0.556431,-1.000000
0.664000,8.134446,5.843498,3.303926,-1.353067,1.899707,0.577128,-1.000000
0.666000,8.900325,8.592310,4.731149,-1.405200,2.036851,0.607054,-1.000000
0.668000,-13.972655,11.195736,3.599183,-1.472894,2.177496,0.636409,-1.000000
0.670000,-13.963131,10.436550,3.278922,-1.562666,1.964866,0.664036,-1.000000
0.672000,-13.698602,9.683195,2.735926,-1.644462,1.752210,0.693701,-1.000000
0.674000,-13.478533,9.193220,2.590786,-1.710063,1.537425,0.733961,-1.000000
0.676000,22.643596,-0.041397,3.042803,-1.769612,1.324623,0.765787,-1.000000
0.678000,20.952634,3.639252,4.664994,-1.748064,1.678831,0.815640,-1.000000
0.680000,18.252636,3.935738,4.504777,-1.753901,1.999051,0.862357,-1.000000
0.682000,16.055526,4.248251,4.182798,-1.762700,2.277100,0.910330,-1.000000
0.684000,14.007500,4.728989,4.356672,-1.778873,2.525808,0.978586,-1.000000
0.686000,12.290453,4.824272,4.264090,-1.812758,2.751830,1.029573,-1.000000
0.688000,25.529733,4.048785,0.853631,-1.845135,2.949371,1.082214,-1.000000
0.690000,23.676497,7.452223,1.505868,-1.899039,2.461822,1.362267,-1.000000
0.692000,20.911544,6.877597,1.965955,-1.972310,2.050549,1.604945,-1.000000
0.694000,18.744784,9.222602,-6.453462,-2.029017,1.702244,1.808361,-1.000000
0.696000,16.111459,8.985783,-6.018772,-2.146486,1.469227,1.947109,-1.000000
0.698000,12.408578,6.696521,-7.196406,-2.254308,1.284616,2.086197,-1.000000
0.700000,11.820358,7.810665,-5.276430,-2.311676,1.123395,2.213814,-1.000000
0.702000,9.889523,6.847502,-4.701748,-2.382288,0.999565,2.333957,-1.000000
0.704000,8.536102,6.927435,-3.964785,-2.441331,0.892291,2.434453,-1.000000
0.706000,6.946406,6.897632,-3.654019,-2.509962,0.799616,2.517816,-1.000000
0.708000,5.697228,6.906403,-3.331576,-2.573781,0.717587,2.610823,-1.000000
0.710000,2.209545,7.628172,-2.662125,-2.629668,0.636075,2.697907,-1.000000
0.712000,1.751210,7.612280,-2.404806,-2.664459,0.696527,2.733084,-1.000000
0.714000,0.984006,7.569896,-2.401941,-2.693434,0.746543,2.756676,-1.000000
0.716000,-0.923084,4.807228,-3.926377,-2.718241,0.786999,2.796201,-1.000000
0.718000,-9.087409,3.201903,-9.736549,-2.719480,0.802303,2.823689,-1.000000
0.720000,-7.580266,3.699548,-8.097775,-2.527899,0.718309,2.882952,-1.000000
0.722000,-7.458144,2.539887,-6.927842,-2.385009,0.655365,2.927190,-1.000000
0.724000,6.248371,-2.227676,-2.467726,-2.308165,0.652120,2.889563,-1.000000
0.726000,6.089672,-3.754274,-2.138257,-2.257918,0.410894,3.059702,-1.000000
0.728000,5.818416,-0.461035,-0.945617,-2.267590,0.218481,3.130055,-1.000000
0.730000,6.615780,0.883362,0.189288,-2.312775,0.049397,3.206371,-1.000000
0.732000,7.757737,0.425978,0.822790,-2.368814,-0.098480,3.272630,-1.000000
0.734000,15.808488,1.867669,6.602940,-2.408508,-0.222104,3.338668,-1.000000
0.736000,16.819666,0.936101,7.315660,-2.451037,-0.332031,3.423851,-1.000000
0.738000,15.876424,0.517193,6.937604,-2.482252,-0.424944,3.492658,-1.000000
0.740000,14.807319,1.518904,6.617685,-2.504665,-0.508971,3.560302,-1.000000
0.742000,14.236730,0.175331,5.619130,-2.533512,-0.589430,3.649067,-1.000000
0.744000,12.671462,1.618754,5.724215,-2.543091,-0.657145,3.731592,-1.000000
0.746000,11.825408,1.707736,5.332442,-2.573276,-0.726831,3.809975,-1.000000
0.748000,12.579117,-24.026241,3.288789,-2.606590,-0.791701,3.882828,-1.000000
0.750000,11.688466,-20.372239,2.791642,-2.480446,-0.765167,3.020969,-1.000000
0.752000,10.529311,-16.895760,2.224509,-2.391750,-0.735952,2.294262,-1.000000
0.754000,9.637104,-13.576871,1.887968,-2.336568,-0.707435,1.685734,-1.000000
0.756000,8.531008,-10.960747,1.578408,-2.311573,-0.681462,1.178175,-1.000000
0.758000,-2.295696,-12.088954,3.749705,-2.310177,-0.660364,0.771467,-1.000000
0.760000,-3.079499,-8.508397,6.431110,-2.286749,-0.816632,0.459221,-1.000000
0.762000,12.484530,-3.424274,0.415858,-2.292742,-0.993616,0.209591,-1.000000
0.764000,11.620525,-2.393092,0.326869,-2.346260,-0.908759,-0.009904,-1.000000
0.766000,10.511400,-1.196495,0.388876,-2.392168,-0.840699,-0.176122,-1.000000
0.768000,9.352510,-2.913389,-1.202722,-2.443911,-0.788599,-0.292009,-1.000000
0.770000,9.050711,0.274153,0.597144,-2.477615,-0.736168,-0.367066,-1.000000
0.772000,8.544436,0.906273,0.775605,-2.540368,-0.702004,-0.418849,-1.000000
0.774000,8.025477,1.203113,0.854002,-2.603310,-0.679657,-0.450982,-1.000000
0.776000,7.540076,1.263383,0.720441,-2.667440,-0.665392,-0.465685,-1.000000
0.778000,7.745823,-0.804725,-0.068543,-2.717525,-0.663221,-0.446869,-1.000000
0.780000,5.832208,-1.930937,3.009824,-2.744871,-0.660599,-0.410544,-1.000000
0.782000,5.361062,-0.543438,2.655639,-2.540648,-0.562186,-0.350751,-1.000000
0.784000,-10.691506,-2.031031,6.137405,-2.376393,-0.478642,-0.302291,-1.000000
0.786000,14.229401,-3.095034,1.033036,-2.222443,-0.637129,-0.272233,-1.000000
0.788000,13.361109,-3.669882,-0.835512,-2.146057,-0.717980,-0.122168,-1.000000
0.790000,12.040338,-1.260685,1.214201,-2.079126,-0.769598,0.011865,-1.000000
0.792000,-2.921049,-4.398796,5.810854,-2.039491,-0.838321,0.136384,-1.000000
0.794000,13.299051,0.338168,0.167969,-1.987429,-1.130201,0.245366,-1.000000
0.796000,11.999326,0.728294,0.232798,-1.976551,-1.140315,0.356918,-1.000000
0.798000,11.097557,0.995948,0.356925,-1.977308,-1.154875,0.472445,-1.000000
0.800000,11.924280,-1.222587,-1.156786,-1.985277,-1.172561,0.581930,-1.000000
0.802000,11.113266,0.469376,0.812486,-1.985689,-1.167507,0.684301,-1.000000
0.804000,10.397762,0.813737,0.876929,-2.000091,-1.183076,0.782779,-1.000000
0.806000,9.503620,1.232546,0.877045,-2.018704,-1.202430,0.882441,-1.000000
0.808000,8.378749,0.304737,0.711859,-2.043279,-1.227555,1.000212,-1.000000
0.810000,13.029179,-1.623369,4.640888,-2.060451,-1.254805,1.098304,-1.000000
0.812000,11.272307,-3.468995,1.955222,-2.006100,-1.428573,0.957818,-1.000000
0.814000,-7.256343,-4.102554,6.745524,-1.943270,-1.541050,0.783303,-1.000000
0.816000,-7.352924,-3.848121,6.451537,-1.890071,-1.882280,0.632301,-1.000000
0.818000,15.519559,0.057271,2.070586,-1.845646,-2.198528,0.500479,-1.000000
0.820000,13.951648,0.031321,1.695989,-1.833697,-2.170271,0.395639,-1.000000
0.822000,12.862336,-0.427741,-0.896799,-1.824644,-2.144393,0.311548,-1.000000
0.824000,11.782359,0.485036,1.318750,-1.814262,-2.130242,0.228104,-1.000000
0.826000,10.564970,0.739621,1.229947,-1.818060,-2.110844,0.163123,-1.000000
0.828000,9.476687,0.973937,1.164222,-1.827197,-2.097482,0.105143,-1.000000
0.830000,8.184084,0.877984,-1.084043,-1.840680,-2.089401,0.053283,-1.000000
0.832000,7.715546,1.568689,1.189141,-1.852974,-2.099740,-0.004053,-1.000000
0.834000,-7.738594,-1.535933,5.685111,-1.874502,-2.099207,-0.045949,-1.000000
0.836000,-7.940036,-1.300103,5.588882,-1.874417,-2.305520,-0.080854,-1.000000
0.838000,12.679776,3.346113,-0.574933,-1.874382,-2.506428,-0.108854,-1.000000
0.840000,10.926551,2.605493,-2.826957,-1.910455,-2.434243,-0.123042,-1.000000
0.842000,10.903153,2.825608,-0.740818,-1.937355,-2.390215,-0.150632,-1.000000
0.844000,9.778906,2.746226,-0.550320,-1.966832,-2.328485,-0.162920,-1.000000
0.846000,9.082614,2.644747,-0.536822,-1.995355,-2.276769,-0.174547,-1.000000
0.848000,5.668782,1.405663,-0.555246,-2.022440,-2.229528,-0.185740,-1.000000
0.850000,5.161962,1.747121,-0.317944,-2.037012,-2.164010,-0.239113,-1.000000
0.852000,20.735112,-5.135396,-1.153923,-2.052761,-2.103737,-0.287470,-1.000000
0.854000,14.461071,-6.813309,-0.282385,-2.011933,-1.770888,-0.292102,-1.000000
0.856000,11.263916,-8.376281,-2.071046,-1.954073,-1.505973,-0.281301,-1.000000
0.858000,11.664033,-6.039011,0.085888,-1.889557,-1.297076,-0.273236,-1.000000
0.860000,10.519554,-5.084453,0.174600,-1.837881,-1.087643,-0.262475,-1.000000
0.862000,9.429010,-4.659810,0.295946,-1.794188,-0.901118,-0.250881,-1.000000
0.864000,13.454221,-1.205816,-3.103073,-1.753473,-0.735649,-0.239297,-1.000000
0.866000,8.782431,-0.972608,-5.211219,-1.725034,-0.483903,-0.231562,-1.000000
0.868000,8.602557,-2.799612,-6.611940,-1.704617,-0.318158,-0.225100,-1.000000
0.870000,14.004515,-1.523582,-6.457964,-1.674683,-0.160787,-0.216833,-1.000000
0.872000,12.008562,-2.790368,-7.260204,-1.654179,0.093382,-0.207037,-1.000000
0.874000,21.576724,-11.857466,-8.451949,-1.627195,0.308226,-0.197514,-1.000000
0.876000,19.494541,-10.230832,-7.706500,-1.601117,0.195492,-0.069834,-1.000000
0.878000,26.450409,-14.738124,-6.732160,-1.584010,0.096597,0.051871,-1.000000
0.880000,23.805361,-12.781153,-5.515611,-1.496710,0.154417,0.134636,-1.000000
0.882000,21.843491,-10.228588,-4.339592,-1.415618,0.199814,0.203719,-1.000000
0.884000,17.912961,-8.892934,-5.640585,-1.353825,0.243179,0.265717,-1.000000
0.886000,16.751959,-7.712874,-4.065653,-1.289533,0.275006,0.300538,-1.000000
0.888000,16.440362,-7.702866,-3.742144,-1.231415,0.299036,0.332830,-1.000000
0.890000,14.503263,-7.071962,-3.433877,-1.163913,0.337800,0.356426,-1.000000
0.892000,10.690332,-8.382447,-4.176958,-1.094925,0.362214,0.371258,-1.000000
0.894000,9.097657,-7.754901,-4.318405,-0.976322,0.364032,0.310250,-1.000000
0.896000,9.508743,-6.772190,-3.215760,-0.863143,0.354394,0.249908,-1.000000
0.898000,9.543703,-5.983864,-2.431304,-0.766907,0.350601,0.199517,-1.000000
0.900000,9.116079,-5.309485,-2.176514,-0.682968,0.347046,0.160042,-1.000000
0.902000,8.425954,-4.836868,-2.209989,-0.608322,0.341139,0.126507,-1.000000
0.904000,8.189817,-4.366408,-2.013051,-0.539150,0.330334,0.095472,-1.000000
0.906000,8.010958,-3.979511,-1.849567,-0.476157,0.318252,0.068813,-1.000000
0.908000,7.881664,-3.661012,-1.713034,-0.418240,0.305165,0.045808,-1.000000
0.910000,7.793887,-3.395254,-1.598782,-0.364538,0.291106,0.025873,-1.000000
0.912000,6.929702,-3.338018,-2.198002,-0.314372,0.276143,0.008521,-1.000000
0.914000,7.088040,-3.123737,-1.937903,-0.263441,0.254422,-0.011265,-1.000000
0.916000,7.982257,-2.781665,-1.095563,-0.221125,0.233053,-0.027775,-1.000000
0.918000,7.958260,-2.611014,-1.051589,-0.184972,0.217662,-0.037756,-1.000000
0.920000,7.449187,-2.530156,-1.445522,-0.152015,0.201702,-0.047606,-1.000000
0.922000,8.170060,-2.284840,-0.813078,-0.124869,0.181212,-0.062436,-1.000000
0.924000,7.752843,-2.771350,-0.951780,-0.102130,0.166991,-0.070259,-1.000000
0.926000,7.931618,-2.527246,-0.841995,-0.087808,0.158889,-0.107820,-1.000000
0.928000,7.679569,-2.487544,-1.111069,-0.075152,0.150467,-0.142226,-1.000000
0.930000,8.345161,-2.181160,-0.580649,-0.063142,0.136189,-0.179318,-1.000000
0.932000,8.023641,-2.222166,-0.895517,-0.053476,0.128808,-0.208397,-1.000000
0.934000,8.652334,-1.950009,-0.394855,-0.041903,0.112843,-0.237518,-1.000000
0.936000,8.679253,-1.982609,-0.569355,-0.032546,0.104195,-0.259391,-1.000000
0.938000,8.802920,-1.855787,-0.489607,-0.001264,0.085938,-0.264772,-1.000000
0.940000,8.910396,-1.747341,-0.419598,0.027275,0.067780,-0.267419,-1.000000
0.942000,8.575479,-1.721674,-0.711655,0.053302,0.049912,-0.267922,-1.000000
0.944000,9.192359,-1.457178,-0.099594,0.078375,0.025072,-0.269401,-1.000000
0.946000,9.262463,-1.398515,-0.055470,0.088657,0.013092,-0.272640,-1.000000
0.948000,9.060062,-1.161337,-0.339976,0.096400,0.002278,-0.276019,-1.000000
0.950000,9.379212,-1.328651,0.132057,0.099229,-0.010749,-0.281547,-1.000000
0.952000,9.441869,-1.258558,0.140777,0.104225,-0.019860,-0.284898,-1.000000
0.954000,9.450272,-1.458273,0.224490,0.107512,-0.027934,-0.288124,-1.000000
0.956000,9.470493,-1.439542,0.159388,0.112393,-0.035777,-0.293150,-1.000000
0.958000,9.626294,-0.787596,0.119097,0.116319,-0.042455,-0.298827,-1.000000
0.960000,9.485313,-0.740298,0.288015,0.112827,-0.047637,-0.299445,-1.000000
0.962000,9.515223,-0.812031,0.205376,0.109356,-0.057359,-0.299209,-1.000000
0.964000,9.545388,-0.809445,0.200387,0.106308,-0.065571,-0.299515,-1.000000
0.966000,10.033875,-0.242997,0.137410,0.103221,-0.073215,-0.299608,-1.000000
0.968000,9.723419,-0.187028,-0.205965,0.094458,-0.072117,-0.292779,-1.000000
0.970000,10.013714,-0.332271,0.180415,0.083895,-0.075434,-0.288477,-1.000000
0.972000,9.981001,-0.375796,0.163827,0.076914,-0.075242,-0.280771,-1.000000
0.974000,9.959580,-0.362721,0.205182,0.070712,-0.075747,-0.272887,-1.000000
0.976000,9.932597,-0.453629,0.131088,0.065096,-0.077570,-0.264069,-1.000000
0.978000,9.447272,-0.182887,0.341824,0.060197,-0.078980,-0.255948,-1.000000
0.980000,9.457013,-0.164957,-0.112643,0.054891,-0.093031,-0.244904,-1.000000
0.982000,9.559436,-0.285546,0.365912,0.046690,-0.103759,-0.237073,-1.000000
0.984000,9.559027,-0.228590,0.410399,0.043002,-0.115897,-0.225136,-1.000000
0.986000,9.633653,-0.369503,0.293360,0.039398,-0.129185,-0.211767,-1.000000
0.988000,9.648982,-0.405245,0.274284,0.036613,-0.139591,-0.199434,-1.000000
0.990000,9.660445,-0.449413,0.252852,0.034140,-0.149522,-0.187258,-1.000000
0.992000,9.671359,-0.362388,-0.212803,0.031999,-0.158964,-0.175444,-1.000000
0.994000,9.684385,-0.547152,0.286112,0.026440,-0.165332,-0.166339,-1.000000
0.996000,9.687113,-0.575005,0.256189,0.025287,-0.174015,-0.155326,-1.000000
0.998000,9.688822,-0.597258,0.231607,0.024180,-0.182296,-0.144868,-1.000000
1.000000,9.689834,-0.616984,0.209900,0.023070,-0.190219,-0.134924,-1.000000
1.002000,9.651742,-0.553676,0.249899,0.021962,-0.197810,-0.125466,-1.000000
1.004000,9.730448,-0.514707,-0.320057,0.020398,-0.206586,-0.116107,-1.000000
1.006000,9.704015,-0.750175,0.190205,0.016085,-0.211742,-0.108134,-1.000000
1.008000,9.706323,-0.783487,0.154179,0.016386,-0.217461,-0.101264,-1.000000
1.010000,11.050419,-1.209071,-0.277788,0.016774,-0.222442,-0.095772,-1.000000
1.012000,10.821585,-1.157901,-0.237027,0.017116,-0.195795,-0.090359,-1.000000
1.014000,10.641848,-1.088326,-0.200273,0.017815,-0.173946,-0.085512,-1.000000
1.016000,10.476397,-1.071805,-0.181123,0.018385,-0.155872,-0.080999,-1.000000
1.018000,10.140612,-1.035913,-0.508224,0.019364,-0.141082,-0.077205,-1.000000
1.020000,10.263393,-1.033897,-0.086665,0.019492,-0.131092,-0.076709,-1.000000
1.022000,10.165494,-1.020855,-0.085672,0.020960,-0.121045,-0.073595,-1.000000
1.024000,10.084133,-1.010889,-0.085854,0.022495,-0.112949,-0.070933,-1.000000
1.026000,10.030748,-0.939752,-0.037488,0.024070,-0.106457,-0.068679,-1.000000
1.028000,10.056990,-0.873523,-0.089520,0.025126,-0.101738,-0.066149,-1.000000
1.030000,10.017748,-0.864500,-0.087394,0.025514,-0.096003,-0.063062,-1.000000
1.032000,9.985677,-0.857603,-0.085713,0.025872,-0.091050,-0.060118,-1.000000
1.034000,9.648025,-0.908294,-0.417339,0.026192,-0.086734,-0.057302,-1.000000
1.036000,9.955126,-0.862026,-0.027703,0.026622,-0.087594,-0.057265,-1.000000
1.038000,9.935739,-0.856284,-0.037022,0.027060,-0.084121,-0.054693,-1.000000
1.040000,9.919834,-0.851961,-0.044777,0.027418,-0.081009,-0.052216,-1.000000
1.042000,9.904599,-0.848612,-0.049149,0.027703,-0.078188,-0.049829,-1.000000
1.044000,9.892800,-0.844712,-0.052673,0.027924,-0.075655,-0.047535,-1.000000
1.046000,9.882802,-0.842218,-0.055954,0.028050,-0.073343,-0.045324,-1.000000
1.048000,10.345600,-0.579664,-0.013525,0.028097,-0.071213,-0.043197,-1.000000
1.050000,10.195053,-0.662841,-0.281055,0.025151,-0.060361,-0.037377,-1.000000
1.052000,10.176389,-0.625269,0.035306,0.022452,-0.050875,-0.033584,-1.000000
1.054000,10.108331,-0.645412,0.026282,0.020111,-0.043624,-0.028319,-1.000000
1.056000,10.051286,-0.666143,0.016881,0.017966,-0.037697,-0.023347,-1.000000
1.058000,10.001266,-0.692369,0.005326,0.016011,-0.032836,-0.018731,-1.000000
1.060000,9.961423,-0.721823,-0.007365,0.014248,-0.028733,-0.014896,-1.000000
1.062000,9.856383,-0.775061,-0.278395,0.012744,-0.025320,-0.011610,-1.000000
1.064000,9.912167,-0.766894,0.018058,0.011203,-0.022505,-0.009675,-1.000000
1.066000,9.887235,-0.782187,0.003386,0.010188,-0.020088,-0.007289,-1.000000
1.068000,9.866160,-0.794661,-0.008792,0.009271,-0.018023,-0.005331,-1.000000
1.070000,9.848877,-0.809110,-0.021091,0.008430,-0.016233,-0.003748,-1.000000
1.072000,9.834098,-0.822950,-0.032522,0.007695,-0.014661,-0.002475,-1.000000
1.074000,9.743996,-0.850916,-0.302291,0.007069,-0.013292,-0.001459,-1.000000
1.076000,9.956980,-1.085227,-0.016360,0.006139,-0.012279,-0.001457,-1.000000
1.078000,9.936867,-1.072269,-0.032986,0.008355,-0.009291,-0.000701,-1.000000
1.080000,9.894511,-1.024935,-0.041807,0.010407,-0.006514,-0.000136,-1.000000
1.082000,9.862318,-0.991175,-0.049273,0.011938,-0.004413,0.000331,-1.000000
1.084000,9.836118,-0.963408,-0.055505,0.013092,-0.002804,0.000708,-1.000000
1.086000,9.838271,-1.042558,-0.373051,0.013936,-0.001584,0.001011,-1.000000
1.088000,9.801008,-0.912125,-0.008341,0.014894,0.002032,0.000165,-1.000000
1.090000,9.786396,-0.897257,-0.021696,0.015306,0.002412,0.000509,-1.000000
1.092000,9.774800,-0.885484,-0.032783,0.015522,0.002611,0.000800,-1.000000
1.094000,9.765667,-0.876261,-0.042002,0.015580,0.002676,0.001046,-1.000000
1.096000,9.758395,-0.869471,-0.049820,0.015513,0.002642,0.001250,-1.000000
1.098000,9.752884,-0.864417,-0.056362,0.015345,0.002553,0.001381,-1.000000
1.100000,9.748818,-0.860795,-0.061853,0.015099,0.002426,0.001453,-1.000000
1.102000,9.769686,-0.942148,-0.372873,0.014795,0.002274,0.001480,-1.000000
1.104000,9.747854,-0.849459,-0.014272,0.014655,0.004629,0.000608,-1.000000
1.106000,9.745530,-0.848572,-0.027149,0.014354,0.004169,0.000769,-1.000000
1.108000,9.744031,-0.848446,-0.037817,0.014006,0.003725,0.000874,-1.000000
1.110000,9.720913,-0.814690,-0.022128,0.013627,0.003304,0.000935,-1.000000
1.112000,9.723705,-0.819593,-0.032796,0.012885,0.002476,0.000892,-1.000000
1.114000,9.726484,-0.824301,-0.041739,0.012168,0.001730,0.000833,-1.000000
1.116000,9.729219,-0.828807,-0.049258,0.011479,0.001057,0.000760,-1.000000
1.118000,9.779213,-0.952768,-0.387695,0.010821,0.000451,0.000679,-1.000000
1.120000,9.739607,-0.832699,-0.006443,0.010781,0.002740,-0.000007,-1.000000
1.122000,9.740429,-0.835697,-0.020089,0.010296,0.002021,0.000064,-1.000000
1.124000,9.742627,-0.840073,-0.032049,0.009809,0.001357,0.000104,-1.000000
1.126000,9.745774,-0.845395,-0.042556,0.009344,0.000754,0.000140,-1.000000
1.128000,9.790479,-0.964349,-0.380470,0.008919,0.000217,0.000189,-1.000000
1.130000,9.749896,-0.842867,-0.000782,0.009048,0.002515,-0.000402,-1.000000
1.132000,9.751750,-0.847301,-0.016586,0.008709,0.001825,-0.000289,-1.000000
1.134000,9.753894,-0.852018,-0.029986,0.008385,0.001197,-0.000175,-1.000000
1.136000,9.756290,-0.857086,-0.041536,0.008084,0.000638,-0.000060,-1.000000
1.138000,9.795184,-0.973389,-0.378062,0.007815,0.000162,0.000048,-1.000000
1.140000,9.757005,-0.850157,0.000606,0.008064,0.002450,-0.000514,-1.000000
1.142000,9.758448,-0.854513,-0.015801,0.007828,0.001779,-0.000362,-1.000000
1.144000,9.798548,-0.976878,-0.358913,0.007603,0.001177,-0.000212,-1.000000
1.146000,9.759111,-0.848144,0.017985,0.007944,0.003402,-0.000748,-1.000000
1.148000,9.760482,-0.856912,-0.006726,0.007735,0.002633,-0.000558,-1.000000
1.150000,9.761421,-0.861276,-0.022588,0.007782,0.001924,-0.000365,-1.000000
1.152000,9.762621,-0.865744,-0.035979,0.007822,0.001296,-0.000185,-1.000000
1.154000,9.763524,-0.869524,-0.046922,0.007863,0.000759,-0.000023,-1.000000
1.156000,9.799115,-0.985365,-0.381763,0.007904,0.000303,0.000120,-1.000000
1.158000,9.761882,-0.859500,-0.003518,0.008424,0.002615,-0.000418,-1.000000
1.160000,9.762757,-0.863507,-0.019785,0.008434,0.001946,-0.000244,-1.000000
1.162000,9.763732,-0.867450,-0.033393,0.008436,0.001356,-0.000081,-1.000000
1.164000,9.764442,-0.870798,-0.044529,0.008436,0.000850,0.000066,-1.000000
1.166000,9.764956,-0.873647,-0.053645,0.008434,0.000418,0.000197,-1.000000
1.168000,9.796616,-0.985159,-0.385176,0.008429,0.000053,0.000310,-1.000000
1.170000,9.762989,-0.862131,-0.007540,0.008864,0.002390,-0.000254,-1.000000
1.172000,9.764004,-0.866125,-0.023114,0.008828,0.001784,-0.000103,-1.000000
1.174000,9.764727,-0.869471,-0.035803,0.008787,0.001260,0.000038,-1.000000
1.176000,9.765236,-0.872323,-0.046200,0.008740,0.000810,0.000165,-1.000000
1.178000,9.765588,-0.874756,-0.054721,0.008688,0.000427,0.000277,-1.000000
1.180000,9.765827,-0.876834,-0.061705,0.008633,0.000102,0.000374,-1.000000
1.182000,9.803365,-0.673941,-0.259926,0.008575,-0.000170,0.000456,-1.000000
1.184000,9.812854,-0.513208,0.140902,0.008116,0.001339,0.014323,-1.000000
1.186000,9.808303,-0.571508,0.107859,0.006397,-0.000504,0.028451,-1.000000
1.188000,9.805260,-0.637538,0.073338,0.004664,-0.002469,0.039297,-1.000000
1.190000,9.801658,-0.688298,0.045406,0.003208,-0.004311,0.047379,-1.000000
1.192000,9.800851,-0.871530,-0.318088,0.002034,-0.006023,0.053308,-1.000000
1.194000,9.801192,-0.733539,0.070445,0.001689,-0.004912,0.055342,-1.000000
1.196000,9.839068,-0.671414,0.102697,0.000791,-0.006656,0.058855,-1.000000
1.198000,9.824940,-0.716428,0.065424,-0.000328,-0.008264,0.062321,-1.000000
1.200000,9.810916,-0.757008,0.032090,-0.001269,-0.009708,0.064855,-1.000000
1.202000,9.798505,-0.791557,0.004071,-0.002056,-0.010962,0.066606,-1.000000
1.204000,9.772771,-0.984878,-0.382307,-0.002716,-0.012034,0.067681,-1.000000
1.206000,9.785935,-0.841727,0.014893,-0.002545,-0.010824,0.065499,-1.000000
1.208000,9.775731,-0.860911,-0.010196,-0.002915,-0.011732,0.065570,-1.000000
1.210000,9.766989,-0.877504,-0.031085,-0.003247,-0.012535,0.065246,-1.000000
1.212000,9.758986,-0.892949,-0.048662,-0.003546,-0.013229,0.064583,-1.000000
1.214000,9.752295,-0.905993,-0.063207,-0.003804,-0.013822,0.063624,-1.000000
1.216000,9.698440,-1.163295,-0.486891,-0.004029,-0.014316,0.062415,-1.000000
1.218000,9.714074,-0.983638,-0.077066,-0.003019,-0.012343,0.057521,-1.000000
